{
    "arducam_64mp": {
        "shutter": 40000,
        "saturation": 1.0,
        "contrast": 1.0,
        "AF": true,
        "gain": 1.0,
        "awbg_red": 1.878318190574646,
        "awbg_blue": 1.7744160890579224,
        "jpeg_quality": 70,
        "orientation_flag": 5
    },
    "imx519": {
        "shutter": 40000,
        "saturation": 1.0,
        "contrast": 1.0,
        "AF": true,
        "gain": 1.0,
        "awbg_red": 1.764021635055542,
        "awbg_blue": 1.7737489938735962,
        "jpeg_quality": 70,
        "orientation_flag": 7
    }
}